archivo,capitulo,personaje,texto,estado
"CaliNature/Voices/drought_before_start.wav","01 · Cuando el agua escasea","Lucía","Soy Lucía, coordinadora de esta iniciativa. Un mensaje asegura que una foto demuestra una sequía en toda Cali. ¿Cómo prepararías nuestra conversación?","PENDIENTE DE GRABACION"
"CaliNature/Voices/drought_before_good.wav","01 · Cuando el agua escasea","Lucía","El grupo distingue una observación de una conclusión y busca información verificable.","PENDIENTE DE GRABACION"
"CaliNature/Voices/drought_before_reconsider.wav","01 · Cuando el agua escasea","Lucía","Revisemos esa idea. El grupo distingue una observación de una conclusión y busca información verificable. Tu elección queda en la libreta para reflexionar sobre ella.","PENDIENTE DE GRABACION"
"CaliNature/Voices/drought_before_evidence.wav","01 · Cuando el agua escasea","Lucía","Has relacionado una pista con una decisión. El grupo distingue una observación de una conclusión y busca información verificable.","PENDIENTE DE GRABACION"
"CaliNature/Voices/drought_during_start.wav","01 · Cuando el agua escasea","Mateo","Soy Mateo, vecino del sector. Hay preocupación por el agua disponible. No tenemos una orden oficial de racionamiento en esta historia. ¿Qué propones?","PENDIENTE DE GRABACION"
"CaliNature/Voices/drought_during_good.wav","01 · Cuando el agua escasea","Mateo","La propuesta se centra en hábitos responsables y en información del prestador, sin inventar restricciones.","PENDIENTE DE GRABACION"
"CaliNature/Voices/drought_during_reconsider.wav","01 · Cuando el agua escasea","Mateo","Revisemos esa idea. La propuesta se centra en hábitos responsables y en información del prestador, sin inventar restricciones. Tu elección queda en la libreta para reflexionar sobre ella.","PENDIENTE DE GRABACION"
"CaliNature/Voices/drought_during_evidence.wav","01 · Cuando el agua escasea","Mateo","Has relacionado una pista con una decisión. La propuesta se centra en hábitos responsables y en información del prestador, sin inventar restricciones.","PENDIENTE DE GRABACION"
"CaliNature/Voices/drought_after_start.wav","01 · Cuando el agua escasea","Inés","Soy Inés, encargada de la libreta. Al cerrar este encuentro, queremos saber qué aprendimos. ¿Qué dejarías registrado?","PENDIENTE DE GRABACION"
"CaliNature/Voices/drought_after_good.wav","01 · Cuando el agua escasea","Inés","La libreta conserva evidencias y preguntas pendientes para una visita posterior.","PENDIENTE DE GRABACION"
"CaliNature/Voices/drought_after_reconsider.wav","01 · Cuando el agua escasea","Inés","Revisemos esa idea. La libreta conserva evidencias y preguntas pendientes para una visita posterior. Tu elección queda en la libreta para reflexionar sobre ella.","PENDIENTE DE GRABACION"
"CaliNature/Voices/drought_after_evidence.wav","01 · Cuando el agua escasea","Inés","Has relacionado una pista con una decisión. La libreta conserva evidencias y preguntas pendientes para una visita posterior.","PENDIENTE DE GRABACION"
"CaliNature/Voices/flood_before_start.wav","02 · El río y sus márgenes","Lucía","El barrio prepara una reunión sobre el río. Soy Lucía. ¿Qué información conviene revisar antes?","PENDIENTE DE GRABACION"
"CaliNature/Voices/flood_before_good.wav","02 · El río y sus márgenes","Lucía","El grupo identifica que una fuente necesita contexto, escala y vigencia.","PENDIENTE DE GRABACION"
"CaliNature/Voices/flood_before_reconsider.wav","02 · El río y sus márgenes","Lucía","Revisemos esa idea. El grupo identifica que una fuente necesita contexto, escala y vigencia. Tu elección queda en la libreta para reflexionar sobre ella.","PENDIENTE DE GRABACION"
"CaliNature/Voices/flood_before_evidence.wav","02 · El río y sus márgenes","Lucía","Has relacionado una pista con una decisión. El grupo identifica que una fuente necesita contexto, escala y vigencia.","PENDIENTE DE GRABACION"
"CaliNature/Voices/flood_during_start.wav","02 · El río y sus márgenes","Mateo","Soy Mateo. Alguien quiere acercarse al río para grabar un video durante la alerta de este relato. ¿Qué propones?","PENDIENTE DE GRABACION"
"CaliNature/Voices/flood_during_good.wav","02 · El río y sus márgenes","Mateo","El estudiante conserva su papel de observador responsable y evita exponerse para completar una tarea.","PENDIENTE DE GRABACION"
"CaliNature/Voices/flood_during_reconsider.wav","02 · El río y sus márgenes","Mateo","Revisemos esa idea. El estudiante conserva su papel de observador responsable y evita exponerse para completar una tarea. Tu elección queda en la libreta para reflexionar sobre ella.","PENDIENTE DE GRABACION"
"CaliNature/Voices/flood_during_evidence.wav","02 · El río y sus márgenes","Mateo","Has relacionado una pista con una decisión. El estudiante conserva su papel de observador responsable y evita exponerse para completar una tarea.","PENDIENTE DE GRABACION"
"CaliNature/Voices/flood_after_start.wav","02 · El río y sus márgenes","Inés","Soy Inés. Al revisar la visita, un compañero dice que amenaza y riesgo son exactamente iguales. ¿Qué responderías?","PENDIENTE DE GRABACION"
"CaliNature/Voices/flood_after_good.wav","02 · El río y sus márgenes","Inés","La libreta separa amenaza, exposición y riesgo; quedan pendientes las verificaciones cartográficas.","PENDIENTE DE GRABACION"
"CaliNature/Voices/flood_after_reconsider.wav","02 · El río y sus márgenes","Inés","Revisemos esa idea. La libreta separa amenaza, exposición y riesgo; quedan pendientes las verificaciones cartográficas. Tu elección queda en la libreta para reflexionar sobre ella.","PENDIENTE DE GRABACION"
"CaliNature/Voices/flood_after_evidence.wav","02 · El río y sus márgenes","Inés","Has relacionado una pista con una decisión. La libreta separa amenaza, exposición y riesgo; quedan pendientes las verificaciones cartográficas.","PENDIENTE DE GRABACION"
"CaliNature/Voices/wind_before_start.wav","03 · Cuando cambia el viento","Lucía","Soy Lucía. Antes de la jornada, revisamos la información disponible. ¿Cómo describirías los fenómenos?","PENDIENTE DE GRABACION"
"CaliNature/Voices/wind_before_good.wav","03 · Cuando cambia el viento","Lucía","La explicación distingue los dos fenómenos y evita una equivalencia falsa.","PENDIENTE DE GRABACION"
"CaliNature/Voices/wind_before_reconsider.wav","03 · Cuando cambia el viento","Lucía","Revisemos esa idea. La explicación distingue los dos fenómenos y evita una equivalencia falsa. Tu elección queda en la libreta para reflexionar sobre ella.","PENDIENTE DE GRABACION"
"CaliNature/Voices/wind_before_evidence.wav","03 · Cuando cambia el viento","Lucía","Has relacionado una pista con una decisión. La explicación distingue los dos fenómenos y evita una equivalencia falsa.","PENDIENTE DE GRABACION"
"CaliNature/Voices/wind_during_start.wav","03 · Cuando cambia el viento","Mateo","Soy Mateo. Un compañero propone salir a filmar los árboles mientras ocurre el vendaval de la historia. ¿Qué decides?","PENDIENTE DE GRABACION"
"CaliNature/Voices/wind_during_good.wav","03 · Cuando cambia el viento","Mateo","El grupo elige aprender sin convertir la tarea académica en una exposición innecesaria.","PENDIENTE DE GRABACION"
"CaliNature/Voices/wind_during_reconsider.wav","03 · Cuando cambia el viento","Mateo","Revisemos esa idea. El grupo elige aprender sin convertir la tarea académica en una exposición innecesaria. Tu elección queda en la libreta para reflexionar sobre ella.","PENDIENTE DE GRABACION"
"CaliNature/Voices/wind_during_evidence.wav","03 · Cuando cambia el viento","Mateo","Has relacionado una pista con una decisión. El grupo elige aprender sin convertir la tarea académica en una exposición innecesaria.","PENDIENTE DE GRABACION"
"CaliNature/Voices/wind_after_start.wav","03 · Cuando cambia el viento","Inés","Soy Inés. Después del episodio hay observaciones que revisar. ¿Qué puede aportar Alex como estudiante?","PENDIENTE DE GRABACION"
"CaliNature/Voices/wind_after_good.wav","03 · Cuando cambia el viento","Inés","Alex comunica sus observaciones sin asumir labores profesionales de evaluación o reparación.","PENDIENTE DE GRABACION"
"CaliNature/Voices/wind_after_reconsider.wav","03 · Cuando cambia el viento","Inés","Revisemos esa idea. Alex comunica sus observaciones sin asumir labores profesionales de evaluación o reparación. Tu elección queda en la libreta para reflexionar sobre ella.","PENDIENTE DE GRABACION"
"CaliNature/Voices/wind_after_evidence.wav","03 · Cuando cambia el viento","Inés","Has relacionado una pista con una decisión. Alex comunica sus observaciones sin asumir labores profesionales de evaluación o reparación.","PENDIENTE DE GRABACION"
"CaliNature/Voices/flash_before_start.wav","04 · Una creciente que sorprende","Lucía","Soy Lucía. Antes de revisar el caso, ¿qué diferencia debemos tener presente?","PENDIENTE DE GRABACION"
"CaliNature/Voices/flash_before_good.wav","04 · Una creciente que sorprende","Lucía","La comunidad reconoce rasgos del fenómeno sin confundir todos los tipos de inundación.","PENDIENTE DE GRABACION"
"CaliNature/Voices/flash_before_reconsider.wav","04 · Una creciente que sorprende","Lucía","Revisemos esa idea. La comunidad reconoce rasgos del fenómeno sin confundir todos los tipos de inundación. Tu elección queda en la libreta para reflexionar sobre ella.","PENDIENTE DE GRABACION"
"CaliNature/Voices/flash_before_evidence.wav","04 · Una creciente que sorprende","Lucía","Has relacionado una pista con una decisión. La comunidad reconoce rasgos del fenómeno sin confundir todos los tipos de inundación.","PENDIENTE DE GRABACION"
"CaliNature/Voices/flash_during_start.wav","04 · Una creciente que sorprende","Mateo","Soy Mateo. En la simulación hay una alerta por una creciente rápida. ¿Qué actitud corresponde a nuestro papel?","PENDIENTE DE GRABACION"
"CaliNature/Voices/flash_during_good.wav","04 · Una creciente que sorprende","Mateo","Alex mantiene su papel educativo y evita una observación peligrosa.","PENDIENTE DE GRABACION"
"CaliNature/Voices/flash_during_reconsider.wav","04 · Una creciente que sorprende","Mateo","Revisemos esa idea. Alex mantiene su papel educativo y evita una observación peligrosa. Tu elección queda en la libreta para reflexionar sobre ella.","PENDIENTE DE GRABACION"
"CaliNature/Voices/flash_during_evidence.wav","04 · Una creciente que sorprende","Mateo","Has relacionado una pista con una decisión. Alex mantiene su papel educativo y evita una observación peligrosa.","PENDIENTE DE GRABACION"
"CaliNature/Voices/flash_after_start.wav","04 · Una creciente que sorprende","Inés","Soy Inés. Queremos llevar lo aprendido a un informe. ¿Cómo presentarías la ubicación y las fuentes?","PENDIENTE DE GRABACION"
"CaliNature/Voices/flash_after_good.wav","04 · Una creciente que sorprende","Inés","El informe documenta las limitaciones del prototipo y las fuentes que deben verificarse.","PENDIENTE DE GRABACION"
"CaliNature/Voices/flash_after_reconsider.wav","04 · Una creciente que sorprende","Inés","Revisemos esa idea. El informe documenta las limitaciones del prototipo y las fuentes que deben verificarse. Tu elección queda en la libreta para reflexionar sobre ella.","PENDIENTE DE GRABACION"
"CaliNature/Voices/flash_after_evidence.wav","04 · Una creciente que sorprende","Inés","Has relacionado una pista con una decisión. El informe documenta las limitaciones del prototipo y las fuentes que deben verificarse.","PENDIENTE DE GRABACION"
